"last_name, first_name","player_id","year","player_age","ab","pa","hit","single","double","triple","home_run","strikeout","walk","batting_avg","slg_percent","on_base_percent","on_base_plus_slg","b_rbi","b_total_bases","r_total_stolen_base","b_game","r_run"
"Austin, Tyler",592122,2018,26,244,268,56,29,10,0,17,95,19,".230",".480",".287","0.767","47","117","1","69","34"
"Albies, Ozzie",645277,2018,21,639,684,167,98,40,5,24,116,36,".261",".452",".305","0.757","72","289","14","158","105"
"Prado, Martín",445988,2018,34,197,209,48,38,9,0,1,35,11,".244",".305",".287","0.592","18","60","1","54","16"
"Cave, Jake",595909,2018,25,283,309,75,44,16,2,13,102,18,".265",".473",".313","0.786","45","134","2","91","54"
"Allen, Greg",656185,2018,25,265,291,68,52,11,3,2,58,14,".257",".343",".310","0.653","20","91","21","91","36"
"Ramos, Wilson",467092,2018,30,382,416,117,79,22,1,15,80,32,".306",".487",".358","0.845","70","186","0","111","39"
"Trumbo, Mark",444432,2018,32,330,358,86,57,12,0,17,87,24,".261",".452",".313","0.765","44","149","0","90","41"
"Solarte, Yangervis",500208,2018,30,468,506,106,69,20,0,17,72,31,".226",".378",".277","0.655","54","177","1","122","50"
"Frazier, Todd",453943,2018,32,408,472,87,51,18,0,18,112,48,".213",".390",".303","0.693","59","159","9","115","54"
"Encarnación, Edwin",429665,2018,35,500,578,123,74,16,1,32,132,63,".246",".474",".336","0.810","107","237","3","137","74"
"Reyes, Victor",622682,2018,23,212,219,47,38,5,3,1,46,5,".222",".288",".239","0.527","12","61","9","100","35"
"Molina, Yadier",425877,2018,35,459,503,120,80,20,0,20,66,29,".261",".436",".314","0.750","74","200","4","123","55"
"Anderson, Tim",641313,2018,25,567,606,136,85,28,3,20,149,30,".240",".406",".281","0.687","64","230","26","153","77"
"Reynolds, Mark",448602,2018,34,206,235,51,30,8,0,13,64,24,".248",".476",".328","0.804","40","98","0","86","26"
"Descalso, Daniel",518614,2018,31,349,423,83,44,22,4,13,110,64,".238",".436",".353","0.789","57","152","0","138","54"
"Gurriel Jr., Lourdes",666971,2018,24,249,263,70,51,8,0,11,59,9,".281",".446",".309","0.755","35","111","1","65","30"
"LeMahieu, DJ",518934,2018,29,533,581,147,98,32,2,15,82,37,".276",".428",".321","0.749","62","228","6","128","90"
"Seager, Corey",608369,2018,24,101,115,27,19,5,1,2,17,11,".267",".396",".348","0.744","13","40","0","26","13"
"Margot, Manuel",622534,2018,23,477,519,117,75,26,8,8,88,32,".245",".384",".292","0.676","51","183","11","141","50"
"Lopez, Raffy",607257,2018,30,102,117,18,13,2,0,3,43,13,".176",".284",".265","0.549","13","29","1","37","11"
"Choo, Shin-Soo",425783,2018,35,560,665,148,96,30,1,21,156,92,".264",".434",".377","0.811","62","243","6","146","83"
"Ohtani, Shohei",660271,2018,23,326,366,93,48,21,2,22,102,37,".285",".564",".361","0.925","61","184","10","104","59"
"Núñez, Renato",600524,2018,24,236,261,61,39,14,0,8,62,19,".258",".419",".322","0.741","22","99","0","73","28"
"Russell, Addison",608365,2018,24,420,465,105,78,21,1,5,99,40,".250",".340",".317","0.657","38","143","4","130","52"
"Walker, Neil",435522,2018,32,347,398,76,52,12,1,11,87,42,".219",".354",".309","0.663","46","123","0","113","48"
"Marte, Ketel",606466,2018,24,520,580,135,83,26,12,14,79,54,".260",".437",".332","0.769","59","227","6","153","68"
"Bell, Josh",605137,2018,25,501,583,131,84,31,4,12,104,77,".261",".411",".357","0.768","62","206","2","148","74"
"Smith, Dominic",642086,2018,23,143,149,32,15,11,1,5,47,4,".224",".420",".255","0.675","11","60","0","56","14"
"Longoria, Evan",446334,2018,32,480,512,117,72,25,4,16,101,22,".244",".412",".281","0.693","54","198","3","125","51"
"Bote, David",623520,2018,25,184,210,44,27,9,2,6,60,19,".239",".408",".319","0.727","33","75","3","74","23"
"Kipnis, Jason",543401,2018,31,530,601,122,75,28,1,18,112,60,".230",".389",".315","0.704","75","206","7","147","65"
"Adames, Willy",642715,2018,22,288,323,80,63,7,0,10,95,31,".278",".406",".348","0.754","34","117","6","85","43"
"Holt, Brock",571788,2018,30,321,367,89,62,18,2,7,73,37,".277",".411",".362","0.773","46","132","7","109","41"
"Mercer, Jordy",474568,2018,31,394,436,99,62,29,2,6,87,32,".251",".381",".315","0.696","39","150","2","117","43"
"Rosario, Eddie",592696,2018,26,559,592,161,104,31,2,24,104,30,".288",".479",".323","0.802","77","268","8","138","87"
"Tocci, Carlos",624636,2018,22,120,135,27,22,3,2,0,39,7,".225",".283",".271","0.554","5","34","0","66","11"
"Sánchez, Gary",596142,2018,25,323,374,60,25,17,0,18,94,46,".186",".406",".291","0.697","53","131","1","89","51"
"Álvarez, Pedro",476883,2018,31,111,127,20,10,2,0,8,36,16,".180",".414",".283","0.697","18","46","0","45","18"
"Crawford, J.P.",641487,2018,23,117,137,25,13,6,3,3,37,13,".214",".393",".319","0.712","12","46","2","49","17"
"Hernández, Enrique",571771,2018,26,402,462,103,62,17,3,21,78,50,".256",".470",".336","0.806","52","189","3","145","67"
"Gomes, Yan",543228,2018,30,403,435,107,65,26,0,16,119,21,".266",".449",".313","0.762","48","181","0","112","52"
"Jones, Adam",430945,2018,32,580,613,163,113,35,0,15,93,24,".281",".419",".313","0.732","63","243","7","145","54"
"Galvis, Freddy",520471,2018,28,602,656,149,100,31,5,13,147,45,".248",".380",".299","0.679","67","229","8","162","62"
"Jankowski, Travis",608671,2018,27,347,387,90,71,12,3,4,73,37,".259",".346",".332","0.678","17","120","24","117","45"
"Santana, Domingo",570267,2018,25,211,235,56,36,14,1,5,77,20,".265",".412",".328","0.740","20","87","1","85","21"
"Myers, Wil",571976,2018,27,312,343,79,42,25,1,11,94,30,".253",".446",".318","0.764","39","139","13","83","39"
"Soler, Jorge",624585,2018,26,223,257,59,32,18,0,9,69,28,".265",".466",".354","0.820","28","104","3","61","27"
"Simmons, Andrelton",592743,2018,28,554,600,162,120,26,5,11,44,35,".292",".417",".337","0.754","75","231","10","146","68"
"Stassi, Max",545358,2018,27,221,250,50,29,13,0,8,74,23,".226",".394",".316","0.710","27","87","0","88","28"
"Iglesias, Jose",578428,2018,28,432,464,116,77,31,3,5,47,19,".269",".389",".310","0.699","48","168","15","125","43"
"Gallo, Joey",608336,2018,24,500,577,103,38,24,1,40,207,74,".206",".498",".312","0.810","92","249","3","148","82"
"La Stella, Tommy",600303,2018,29,169,190,45,36,8,0,1,27,17,".266",".331",".340","0.671","19","56","0","123","23"
"Polanco, Jorge",593871,2018,24,302,333,87,60,18,3,6,62,25,".288",".427",".345","0.772","42","129","7","77","38"
"DeShields, Delino",592261,2018,25,334,393,72,55,14,1,2,83,43,".216",".281",".310","0.591","22","94","20","106","52"
"Joseph, Caleb",543376,2018,32,265,280,58,39,14,2,3,68,10,".219",".321",".254","0.575","17","85","2","82","28"
"Ervin, Phillip",640447,2018,25,218,247,55,37,10,1,7,60,20,".252",".404",".324","0.728","31","88","6","78","27"
"Voit, Luke",572228,2018,27,143,161,46,26,5,0,15,43,17,".322",".671",".398","1.069","36","96","0","47","30"
"Guyer, Brandon",446386,2018,32,194,221,40,22,11,0,7,48,15,".206",".371",".300","0.671","27","72","1","103","25"
"Morrison, Logan",489149,2018,30,318,359,59,31,13,0,15,80,34,".186",".368",".276","0.644","39","117","1","95","41"
"Posey, Buster",457763,2018,31,398,448,113,85,22,1,5,53,45,".284",".382",".359","0.741","41","152","3","105","47"
"Kemp, Tony",643393,2018,26,255,294,67,46,15,0,6,44,32,".263",".392",".351","0.743","30","100","9","97","37"
"Gentry, Craig",502226,2018,34,156,169,42,34,5,2,1,31,11,".269",".346",".321","0.667","11","54","12","68","13"
"Franco, Maikel",596748,2018,25,433,465,117,77,17,1,22,62,29,".270",".467",".314","0.781","68","202","1","131","48"
"Shaw, Travis",543768,2018,28,498,587,120,65,23,0,32,108,78,".241",".480",".345","0.825","86","239","5","152","73"
"Kemp, Matt",461314,2018,33,462,506,134,88,25,0,21,115,36,".290",".481",".338","0.819","85","222","0","146","62"
"Wilson, Bobby",435064,2018,35,135,151,24,14,8,0,2,37,12,".178",".281",".242","0.523","16","38","0","47","12"
"Goins, Ryan",572365,2018,30,115,120,26,17,8,1,0,29,4,".226",".313",".252","0.565","6","36","0","41","10"
"Olson, Matt",621566,2018,24,580,660,143,81,33,0,29,163,70,".247",".453",".335","0.788","84","263","2","162","85"
"Crawford, Brandon",543063,2018,31,531,594,135,91,28,2,14,122,50,".254",".394",".325","0.719","54","209","4","151","63"
"Martini, Nick",605361,2018,28,152,179,45,32,9,3,1,36,21,".296",".414",".397","0.811","19","63","0","55","26"
"Asuaje, Carlos",641319,2018,26,189,218,37,26,8,1,2,46,24,".196",".280",".286","0.566","19","53","1","79","15"
"Goodwin, Brian",571718,2018,27,159,180,38,26,6,0,6,57,16,".239",".390",".318","0.708","25","62","4","75","20"
"Hicks, Aaron",543305,2018,28,480,581,119,71,18,3,27,111,90,".248",".467",".366","0.833","79","224","11","137","90"
"Realmuto, J.T.",592663,2018,27,477,529,132,78,30,3,21,104,38,".277",".484",".340","0.824","74","231","3","125","74"
"Cowart, Kaleb",592230,2018,26,112,124,15,6,7,1,1,44,10,".134",".241",".210","0.451","10","27","1","47","7"
"Hernández, Teoscar",606192,2018,25,476,523,114,56,29,7,22,163,41,".239",".468",".302","0.770","57","223","5","134","67"
"Gordon, Alex",460086,2018,34,506,568,124,87,24,0,13,124,50,".245",".370",".324","0.694","54","187","12","141","56"
"Votto, Joey",458015,2018,34,503,623,143,101,28,2,12,101,108,".284",".419",".417","0.836","67","211","2","145","67"
"Chapman, Matt",656305,2018,25,547,616,152,80,42,6,24,146,58,".278",".508",".356","0.864","68","278","1","145","100"
"Torres, Gleyber",650402,2018,21,431,484,117,76,16,1,24,122,42,".271",".480",".340","0.820","77","207","6","123","54"
"Mancini, Trey",641820,2018,26,582,636,141,91,23,3,24,153,44,".242",".416",".299","0.715","58","242","0","156","69"
"Young Jr., Eric",458913,2018,33,109,117,22,15,4,2,1,28,6,".202",".303",".248","0.551","8","33","5","41","12"
"Reddick, Josh",502210,2018,31,433,485,105,73,13,2,17,77,49,".242",".400",".318","0.718","47","173","7","134","63"
"Thames, Eric",519346,2018,31,247,278,54,25,10,3,16,97,29,".219",".478",".306","0.784","37","118","7","96","41"
"O'Hearn, Ryan",656811,2018,24,149,170,39,15,10,2,12,45,20,".262",".597",".353","0.950","30","89","0","44","23"
"Brinson, Lewis",621446,2018,24,382,405,76,50,10,5,11,120,17,".199",".338",".240","0.578","42","129","2","109","31"
"LaMarre, Ryan",534606,2018,29,165,180,46,33,11,0,2,53,10,".279",".382",".322","0.704","18","63","2","76","15"
"Heredia, Guillermo",628338,2018,27,292,337,69,49,14,1,5,52,32,".236",".342",".318","0.660","19","100","2","125","29"
"Cervelli, Francisco",465041,2018,32,332,404,86,56,15,3,12,84,51,".259",".431",".378","0.809","57","143","2","104","39"
"Greiner, Grayson",606988,2018,25,96,116,21,15,6,0,0,32,17,".219",".281",".328","0.609","12","27","0","30","9"
"Soto, Juan",665742,2018,19,414,494,121,73,25,1,22,99,79,".292",".517",".406","0.923","70","214","5","116","77"
"Pillar, Kevin",607680,2018,29,512,542,129,72,40,2,15,98,18,".252",".426",".282","0.708","59","218","14","142","65"
"Flaherty, Ryan",475247,2018,31,161,182,35,27,6,0,2,41,18,".217",".292",".298","0.590","13","47","4","81","17"
"Lowrie, Jed",476704,2018,34,596,680,159,98,37,1,23,128,78,".267",".448",".353","0.801","99","267","0","157","78"
"Adduci, James",451192,2018,33,176,185,47,34,8,2,3,45,6,".267",".386",".290","0.676","21","68","1","59","19"
"Wieters, Matt",446308,2018,32,235,271,56,40,8,0,8,45,30,".238",".374",".330","0.704","30","88","0","76","24"
"Hernández, Gorkys",491676,2018,30,414,451,97,64,16,2,15,113,27,".234",".391",".285","0.676","40","162","8","142","52"
"Davis, J.D.",605204,2018,25,103,113,18,15,2,0,1,29,10,".175",".223",".248","0.471","5","23","0","42","9"
"Duffy, Matt",622110,2018,27,503,560,148,121,22,1,4,93,47,".294",".366",".361","0.727","44","184","12","132","59"
"Donaldson, Josh",518626,2018,32,187,219,46,24,14,0,8,54,31,".246",".449",".352","0.801","23","84","2","52","30"
"Villar, Jonathan",542340,2018,27,466,515,121,92,14,1,14,138,41,".260",".384",".325","0.709","46","179","35","141","54"
"Cuthbert, Cheslor",596144,2018,25,103,117,20,15,2,0,3,23,11,".194",".301",".282","0.583","7","31","0","30","11"
"Lucroy, Jonathan",518960,2018,32,415,454,100,74,21,1,4,65,29,".241",".325",".291","0.616","51","135","0","126","41"
"Quinn, Roman",596451,2018,25,131,143,34,22,6,4,2,35,10,".260",".412",".317","0.729","12","54","10","50","13"
"Dietrich, Derek",518618,2018,28,499,551,132,88,26,2,16,140,29,".265",".421",".330","0.751","45","210","2","149","72"
"Sisco, Chance",642082,2018,23,160,184,29,19,8,0,2,66,13,".181",".269",".288","0.557","16","43","1","63","13"
"Taylor, Chris",621035,2018,27,536,604,136,76,35,8,17,178,55,".254",".444",".331","0.775","63","238","9","155","85"
"Swihart, Blake",596119,2018,26,192,207,44,31,10,0,3,57,15,".229",".328",".285","0.613","18","63","6","82","28"
"Muñoz, Yairo",622168,2018,23,293,329,81,57,16,0,8,71,30,".276",".413",".350","0.763","42","121","5","108","39"
"Vogelbach, Daniel",596129,2018,25,87,102,18,12,2,0,4,26,13,".207",".368",".324","0.692","13","32","0","37","9"
"Guzmán, Ronald",608597,2018,23,387,428,91,55,18,2,16,121,33,".235",".416",".306","0.722","58","161","1","123","46"
"Schoop, Jonathan",570731,2018,26,473,501,110,66,22,1,21,115,19,".233",".416",".266","0.682","61","197","1","131","61"
"Santana, Carlos",467793,2018,32,560,679,128,74,28,2,24,93,110,".229",".414",".352","0.766","86","232","2","161","82"
"Reyes, Franmil",614177,2018,22,261,285,73,48,9,0,16,80,24,".280",".498",".340","0.838","31","130","0","87","36"
"Candelario, Jeimer",600869,2018,24,539,619,121,71,28,3,19,160,66,".224",".393",".317","0.710","54","212","3","144","78"
"Cain, Lorenzo",456715,2018,32,539,620,166,129,25,2,10,94,71,".308",".417",".395","0.812","38","225","30","141","90"
"Taylor, Michael A.",572191,2018,27,353,385,80,49,22,3,6,116,29,".227",".357",".287","0.644","28","126","24","134","46"
"Hoskins, Rhys",656555,2018,25,558,660,137,65,38,0,34,150,87,".246",".496",".354","0.850","96","277","5","153","89"
"Gamel, Ben",592325,2018,26,257,293,70,51,14,4,1,61,31,".272",".370",".358","0.728","19","95","7","101","37"
"McMahon, Ryan",641857,2018,23,181,202,42,27,9,1,5,64,18,".232",".376",".307","0.683","19","68","1","91","17"
"Turner, Trea",607208,2018,25,664,740,180,128,27,6,19,132,69,".271",".416",".344","0.760","73","276","43","162","103"
"Harper, Bryce",547180,2018,25,550,695,137,69,34,0,34,169,130,".249",".496",".393","0.889","100","273","13","159","103"
"Ahmed, Nick",605113,2018,28,516,564,121,67,33,5,16,109,40,".234",".411",".290","0.701","70","212","5","153","61"
"Kratz, Erik",456124,2018,38,203,219,48,36,6,0,6,40,6,".236",".355",".280","0.635","23","72","1","67","18"
"Cespedes, Yoenis",493316,2018,32,141,157,37,22,6,0,9,50,13,".262",".496",".325","0.821","29","70","3","38","20"
"Jones, JaCoby",592444,2018,26,429,467,89,50,22,6,11,142,24,".207",".364",".266","0.630","34","156","13","129","54"
"Almora Jr., Albert",546991,2018,24,444,479,127,97,24,1,5,83,24,".286",".378",".323","0.701","41","168","1","152","62"
"Wong, Kolten",543939,2018,27,353,407,88,59,18,2,9,60,31,".249",".388",".332","0.720","38","137","6","127","41"
"Rodríguez, Ronny",500135,2018,26,191,206,42,30,7,0,5,42,10,".220",".335",".256","0.591","20","64","2","62","17"
"Machado, Dixon",553988,2018,26,214,233,44,29,13,1,1,41,14,".206",".290",".263","0.553","21","62","1","67","20"
"Vázquez, Christian",543877,2018,27,251,269,52,39,10,0,3,41,13,".207",".283",".257","0.540","16","71","4","80","24"
"García, Avisaíl",541645,2018,27,356,385,84,52,11,2,19,102,20,".236",".438",".281","0.719","49","156","3","93","47"
"Springer, George",543807,2018,28,544,617,144,96,26,0,22,122,64,".265",".434",".346","0.780","71","236","6","140","102"
"Casali, Curt",592200,2018,29,140,156,41,27,10,0,4,32,12,".293",".450",".355","0.805","16","63","0","52","15"
"Sánchez, Yolmer",570560,2018,26,600,662,145,93,34,10,8,138,49,".242",".372",".306","0.678","55","223","14","155","62"
"Wendle, Joey",621563,2018,28,487,545,146,100,33,6,7,96,37,".300",".435",".354","0.789","61","212","16","139","62"
"Utley, Chase",400284,2018,39,164,187,35,23,10,1,1,34,17,".213",".305",".305","0.610","14","50","3","87","18"
"Bautista, José",430832,2018,37,325,399,66,35,18,0,13,111,67,".203",".378",".348","0.726","48","123","4","122","52"
"Suzuki, Kurt",435559,2018,34,347,388,94,58,24,0,12,43,22,".271",".444",".332","0.776","50","154","0","105","45"
"Fletcher, David",664058,2018,24,284,307,78,57,18,2,1,34,15,".275",".363",".316","0.679","25","103","3","80","35"
"Cabrera, Miguel",408234,2018,35,134,157,40,26,11,0,3,27,22,".299",".448",".395","0.843","22","60","0","38","17"
"Goldschmidt, Paul",502671,2018,30,593,690,172,99,35,5,33,173,90,".290",".533",".389","0.922","83","316","7","158","95"
"Fernández, José Miguel",628336,2018,30,116,123,31,21,8,0,2,15,6,".267",".388",".309","0.697","11","45","1","36","9"
"Devers, Rafael",646240,2018,21,450,490,108,63,24,0,21,121,38,".240",".433",".298","0.731","66","195","5","121","59"
"McCann, Brian",435263,2018,34,189,216,40,30,3,0,7,40,19,".212",".339",".301","0.640","23","64","0","63","22"
"Merrifield, Whit",593160,2018,29,632,707,192,134,43,3,12,114,61,".304",".438",".367","0.805","60","277","45","158","88"
"Stanton, Giancarlo",519317,2018,28,617,705,164,91,34,1,38,211,70,".266",".509",".343","0.852","100","314","5","158","102"
"Laureano, Ramón",657656,2018,23,156,176,45,27,12,1,5,50,16,".288",".474",".358","0.832","19","74","7","48","27"
"Escobar, Eduardo",500871,2018,29,566,631,154,80,48,3,23,126,52,".272",".489",".334","0.823","84","277","2","151","75"
"Mazara, Nomar",608577,2018,23,489,536,126,80,25,1,20,116,40,".258",".436",".317","0.753","77","213","1","128","61"
"Bogaerts, Xander",593428,2018,25,513,580,148,77,45,3,23,102,55,".288",".522",".360","0.882","103","268","8","136","72"
"McNeil, Jeff",643446,2018,26,225,248,74,54,11,6,3,24,14,".329",".471",".381","0.852","19","106","7","63","35"
"Ortega, Rafael",542364,2018,27,133,143,31,27,3,1,0,23,10,".233",".271",".287","0.558","7","36","5","41","10"
"Odor, Rougned",596059,2018,24,474,535,120,77,23,2,18,127,43,".253",".424",".326","0.750","63","201","12","129","76"
"Zimmerman, Ryan",475582,2018,33,288,323,76,40,21,2,13,55,30,".264",".486",".337","0.823","51","140","1","85","33"
"Bellinger, Cody",641355,2018,22,557,632,145,85,28,7,25,151,69,".260",".470",".343","0.813","76","262","14","162","84"
"Mullins, Cedric",656775,2018,23,170,191,40,27,9,0,4,37,17,".235",".359",".312","0.671","11","61","2","45","23"
"Barnes, Austin",605131,2018,28,200,238,41,32,5,0,4,67,31,".205",".290",".329","0.619","14","58","4","100","32"
"Sucre, Jesús",491696,2018,30,182,198,38,32,5,0,1,29,9,".209",".253",".247","0.500","17","46","1","73","9"
"Díaz, Yandy",650490,2018,26,109,120,34,26,5,2,1,19,11,".312",".422",".375","0.797","15","46","0","39","15"
"Sanó, Miguel",593934,2018,25,266,299,53,26,14,0,13,115,31,".199",".398",".281","0.679","41","106","0","71","32"
"Lindor, Francisco",596019,2018,24,661,745,183,101,42,2,38,107,70,".277",".519",".352","0.871","92","343","25","158","129"
"Tilson, Charlie",605508,2018,25,106,120,28,26,1,1,0,20,10,".264",".292",".331","0.623","11","31","2","41","7"
"Mathis, Jeff",425772,2018,35,195,218,39,28,9,1,1,66,20,".200",".272",".272","0.544","20","53","0","69","15"
"Martin, Russell",431145,2018,35,289,352,56,38,8,0,10,82,56,".194",".325",".338","0.663","25","94","0","90","37"
"Riddle, JT",595375,2018,26,308,332,71,48,10,4,9,67,20,".231",".377",".277","0.654","36","116","0","102","28"
"White, Tyler",643603,2018,27,210,237,58,31,12,3,12,49,24,".276",".533",".354","0.887","42","112","0","66","27"
"Moustakas, Mike",519058,2018,29,573,635,144,82,33,1,28,103,49,".251",".459",".315","0.774","95","263","4","152","66"
"Hundley, Nick",460026,2018,34,282,305,68,43,13,2,10,85,22,".241",".408",".298","0.706","31","115","2","96","34"
"Hedges, Austin",595978,2018,25,303,326,70,40,14,2,14,90,21,".231",".429",".282","0.711","37","130","3","91","29"
"Smoak, Justin",475253,2018,31,505,594,122,63,34,0,25,156,83,".242",".457",".350","0.807","77","231","0","147","67"
"Adams, Matt",571431,2018,29,306,337,73,42,10,0,21,73,27,".239",".477",".309","0.786","57","146","0","121","42"
"Ozuna, Marcell",542303,2018,27,582,628,163,122,16,2,23,110,38,".280",".433",".325","0.758","88","252","3","148","69"
"Smith, Mallex",605480,2018,25,480,544,142,103,27,10,2,98,47,".296",".406",".367","0.773","40","195","40","141","65"
"Holaday, Bryan",592407,2018,30,151,166,31,25,5,0,1,29,10,".205",".258",".261","0.519","16","39","0","61","7"
"Contreras, Willson",575929,2018,26,474,544,118,76,27,5,10,121,53,".249",".390",".339","0.729","54","185","4","138","50"
"Iannetta, Chris",455104,2018,35,299,360,67,42,13,1,11,87,50,".224",".385",".345","0.730","36","115","0","110","36"
"Grossman, Robbie",543257,2018,28,396,465,108,75,27,1,5,83,60,".273",".384",".367","0.751","48","152","0","129","50"
"Perez, Salvador",521692,2018,28,510,544,120,70,23,0,27,108,17,".235",".439",".274","0.713","80","224","1","129","52"
"Rizzo, Anthony",519203,2018,28,566,665,160,105,29,1,25,80,70,".283",".470",".376","0.846","101","266","6","153","74"
"Castillo, Welington",456078,2018,31,170,181,44,31,7,0,6,46,9,".259",".406",".304","0.710","15","69","1","49","17"
"Heyward, Jason",518792,2018,28,440,488,119,84,23,4,8,60,42,".270",".395",".335","0.730","57","174","1","127","67"
"Briceño, José",593993,2018,25,117,128,28,21,2,0,5,35,8,".239",".385",".299","0.684","10","45","0","46","12"
"Betts, Mookie",605141,2018,25,520,614,180,96,47,5,32,91,81,".346",".640",".438","1.078","80","333","30","136","129"
"Dyson, Jarrod",502481,2018,33,206,237,39,31,4,2,2,34,27,".189",".257",".282","0.539","12","53","16","67","29"
"Grandal, Yasmani",518735,2018,29,440,518,106,57,23,2,24,124,72,".241",".466",".349","0.815","68","205","2","140","65"
"Eaton, Adam",594809,2018,29,319,370,96,72,18,1,5,64,38,".301",".411",".394","0.805","33","131","9","95","55"
"Pence, Hunter",452254,2018,35,235,248,53,37,11,1,4,59,11,".226",".332",".258","0.590","24","78","5","97","19"
"Conforto, Michael",624424,2018,25,543,638,132,78,25,1,28,159,84,".243",".448",".350","0.798","82","243","3","153","78"
"Blanco, Grégor",453923,2018,34,189,203,41,29,7,3,2,58,12,".217",".317",".262","0.579","12","60","6","68","19"
"Davis, Chris",448801,2018,32,470,522,79,51,12,0,16,192,41,".168",".296",".243","0.539","49","139","2","128","40"
"Mondesi, Adalberto",609275,2018,22,275,291,76,46,13,3,14,77,11,".276",".498",".306","0.804","37","137","32","75","47"
"Williams, Mason",592863,2018,26,123,132,36,28,5,1,2,29,7,".293",".398",".331","0.729","6","49","1","51","10"
"Dozier, Brian",572821,2018,31,553,632,119,66,30,2,21,129,70,".215",".391",".305","0.696","72","216","12","151","81"
"Benintendi, Andrew",643217,2018,23,579,661,168,105,41,6,16,106,71,".290",".465",".366","0.831","87","269","21","148","103"
"Martinez, J.D.",502110,2018,30,569,649,188,106,37,2,43,146,69,".330",".629",".402","1.031","130","358","6","150","111"
"Muncy, Max",571970,2018,27,395,481,104,50,17,2,35,131,79,".263",".582",".391","0.973","79","230","3","137","75"
"Moreland, Mitch",519048,2018,32,404,459,99,57,23,4,15,102,50,".245",".433",".325","0.758","68","175","2","124","57"
"Peña, Francisco",506747,2018,28,133,142,27,22,3,0,2,43,6,".203",".271",".239","0.510","8","36","1","58","10"
"Bauers, Jake",641343,2018,22,323,388,65,30,22,2,11,104,54,".201",".384",".316","0.700","48","124","6","96","48"
"Arenado, Nolan",571448,2018,27,590,673,175,97,38,2,38,122,73,".297",".561",".374","0.935","110","331","2","156","104"
"Rivera, Yadiel",592680,2018,26,139,160,24,20,3,0,1,51,19,".173",".216",".269","0.485","9","30","2","111","13"
"Healy, Ryon",592387,2018,26,493,524,116,77,15,0,24,113,27,".235",".412",".277","0.689","73","203","0","133","51"
"Marisnick, Jake",545350,2018,27,213,234,45,26,8,1,10,84,15,".211",".399",".275","0.674","28","85","6","103","34"
"Cozart, Zack",446359,2018,32,224,253,49,29,13,2,5,42,19,".219",".362",".296","0.658","18","81","0","58","29"
"Bruce, Jay",457803,2018,31,319,361,71,43,18,1,9,75,41,".223",".370",".310","0.680","37","118","2","94","31"
"Rosario, Amed",642708,2018,22,554,592,142,99,26,8,9,119,29,".256",".381",".295","0.676","51","211","24","154","76"
"Beltré, Adrian",134181,2018,39,433,481,118,79,23,1,15,96,34,".273",".434",".328","0.762","65","188","1","119","49"
"Peterson, Jace",607054,2018,28,210,246,42,24,13,2,3,58,31,".200",".324",".310","0.634","28","68","13","96","21"
"Engel, Adam",641553,2018,26,429,463,101,74,17,4,6,129,18,".235",".336",".279","0.615","29","144","16","143","49"
"Pérez, Hernán",541650,2018,27,316,334,80,58,11,2,9,71,17,".253",".386",".290","0.676","29","122","11","132","36"
"Castellanos, Nick",592206,2018,26,620,678,185,111,46,5,23,151,49,".298",".500",".354","0.854","89","310","2","157","88"
"Davidson, Matt",571602,2018,27,434,496,99,56,23,0,20,165,52,".228",".419",".319","0.738","62","182","0","123","51"
"Rickard, Joey",572073,2018,27,213,230,52,33,10,1,8,55,15,".244",".413",".300","0.713","23","88","4","79","27"
"Culberson, Charlie",518586,2018,29,296,322,80,48,18,2,12,85,21,".270",".466",".326","0.792","45","138","4","113","47"
"Hamilton, Billy",571740,2018,27,504,556,119,90,16,9,4,132,46,".236",".327",".299","0.626","29","165","34","153","74"
"Morales, Kendrys",434778,2018,35,413,471,103,67,15,0,21,95,50,".249",".438",".331","0.769","57","181","2","130","47"
"Shuck, JB",543776,2018,31,130,142,25,21,3,1,0,22,10,".192",".231",".255","0.486","4","30","2","70","10"
"Zobrist, Ben",450314,2018,37,455,520,139,99,28,3,9,60,55,".305",".440",".378","0.818","58","200","3","139","67"
"Kiner-Falefa, Isiah",643396,2018,23,356,396,93,69,18,2,4,62,28,".261",".357",".325","0.682","34","127","7","111","43"
"Cron, C.J.",543068,2018,28,501,560,127,68,28,1,30,145,37,".253",".493",".323","0.816","74","247","1","140","68"
"Kingery, Scott",664068,2018,24,452,484,102,69,23,2,8,126,24,".226",".338",".267","0.605","35","153","10","147","55"
"Dickerson, Corey",572816,2018,29,504,533,151,96,35,7,13,80,21,".300",".474",".330","0.804","55","239","8","135","65"
"Pederson, Joc",592626,2018,26,395,443,98,43,27,3,25,85,40,".248",".522",".321","0.843","56","206","1","148","65"
"Marte, Starling",516782,2018,29,559,606,155,98,32,5,20,109,35,".277",".460",".327","0.787","72","257","33","145","81"
"Gattis, Evan",594828,2018,31,407,451,92,50,17,0,25,101,33,".226",".452",".284","0.736","78","184","1","128","49"
"Kendrick, Howie",435062,2018,34,152,160,46,28,14,0,4,29,5,".303",".474",".331","0.805","12","72","1","40","17"
"Ramirez, Hanley",434670,2018,34,177,195,45,32,7,0,6,35,14,".254",".395",".313","0.708","29","70","4","44","25"
"Robinson, Drew",592685,2018,26,109,125,20,14,3,0,3,57,16,".183",".294",".288","0.582","9","32","2","47","20"
"Flowers, Tyler",452095,2018,32,251,296,57,40,9,0,8,76,35,".227",".359",".341","0.700","30","90","0","82","34"
"Lowe, Brandon",664040,2018,23,129,148,30,16,6,2,6,38,16,".233",".450",".324","0.774","25","58","2","43","16"
"McCutchen, Andrew",457705,2018,31,569,682,145,92,30,3,20,145,95,".255",".424",".368","0.792","65","241","14","155","83"
"Story, Trevor",596115,2018,25,598,656,174,89,42,6,37,168,47,".291",".567",".348","0.915","108","339","27","157","88"
"Owings, Chris",572008,2018,26,281,309,58,39,15,0,4,75,24,".206",".302",".272","0.574","22","85","11","106","34"
"Strange-Gordon, Dee",543829,2018,30,556,588,149,120,17,8,4,80,9,".268",".349",".288","0.637","36","194","30","141","62"
"Hechavarría, Adeiny",588751,2018,29,296,321,73,56,11,0,6,58,16,".247",".345",".279","0.624","31","102","2","94","34"
"Ellis, A.J.",454560,2018,37,151,183,41,32,8,0,1,37,26,".272",".344",".378","0.722","15","52","0","66","19"
"Duda, Lucas",446263,2018,32,328,367,79,50,14,1,14,102,28,".241",".418",".313","0.731","50","137","1","107","35"
"Young, Chris",455759,2018,34,113,128,19,10,2,1,6,37,11,".168",".363",".252","0.615","13","41","2","56","17"
"Difo, Wilmer",594694,2018,26,408,456,94,66,14,7,7,82,39,".230",".350",".298","0.648","42","143","10","148","55"
"Polanco, Gregory",570256,2018,26,461,534,117,56,32,6,23,117,61,".254",".499",".340","0.839","81","230","12","130","75"
"Trout, Mike",545361,2018,26,471,608,147,80,24,4,39,124,122,".312",".628",".460","1.088","79","296","24","140","101"
"Zunino, Mike",572287,2018,27,373,405,75,37,18,0,20,150,24,".201",".410",".259","0.669","44","153","0","113","37"
"Kinsler, Ian",435079,2018,36,487,534,117,77,26,0,14,64,40,".240",".380",".301","0.681","48","185","16","128","66"
"Pirela, José",517369,2018,28,438,473,109,79,23,2,5,89,30,".249",".345",".300","0.645","32","151","6","146","54"
"Cabrera, Melky",466320,2018,33,250,278,70,47,17,0,6,38,20,".280",".420",".335","0.755","39","105","1","78","28"
"Gómez, Carlos",460576,2018,32,360,408,75,49,15,2,9,103,25,".208",".336",".298","0.634","32","121","12","118","42"
"Tucker, Preston",605512,2018,27,166,184,38,21,11,0,6,43,13,".229",".404",".299","0.703","27","67","0","97","19"
"Garcia, Greg",594824,2018,28,181,208,40,31,6,0,3,37,20,".221",".304",".309","0.613","15","55","3","114","15"
"Pujols, Albert",405395,2018,38,465,498,114,75,20,0,19,65,28,".245",".411",".289","0.700","64","191","1","117","50"
"Naquin, Tyler",571980,2018,27,174,183,46,36,7,0,3,42,6,".264",".356",".295","0.651","23","62","1","61","22"
"Dean, Austin",621573,2018,24,113,122,25,17,4,0,4,22,7,".221",".363",".279","0.642","14","41","1","34","16"
"Altuve, Jose",514888,2018,28,534,599,169,125,29,2,13,79,55,".316",".451",".386","0.837","61","241","17","137","84"
"Blackmon, Charlie",453568,2018,31,626,696,182,115,31,7,29,134,59,".291",".502",".358","0.860","70","314","12","156","119"
"Travis, Devon",581527,2018,27,357,378,83,55,14,3,11,64,16,".232",".381",".275","0.656","44","136","3","103","41"
"Rondon, José",602922,2018,24,100,107,23,11,6,0,6,30,7,".230",".470",".280","0.750","14","47","2","42","15"
"Williams, Nick",608384,2018,24,407,448,104,72,12,3,17,111,32,".256",".425",".324","0.749","50","173","3","140","53"
"Dixon, Brandon",641525,2018,26,118,124,21,10,6,0,5,43,6,".178",".356",".218","0.574","10","42","0","74","14"
"González, Erik",570481,2018,26,136,143,36,24,10,1,1,34,5,".265",".375",".301","0.676","16","51","3","81","17"
"Canha, Mark",592192,2018,29,365,411,91,52,22,0,17,88,34,".249",".449",".328","0.777","52","164","1","122","60"
"Gurriel, Yuli",493329,2018,34,537,573,156,109,33,1,13,63,23,".291",".428",".323","0.751","85","230","5","136","70"
"Seager, Kyle",572122,2018,30,583,630,129,70,36,1,22,138,38,".221",".400",".273","0.673","78","233","2","155","62"
"Lugo, Dawel",608475,2018,23,94,101,20,14,4,1,1,20,7,".213",".309",".267","0.576","8","29","0","27","10"
"Choi, Ji Man",596847,2018,27,190,221,50,25,14,1,10,55,26,".263",".505",".357","0.862","32","96","2","61","25"
"Wynns, Austin",642851,2018,27,110,118,28,22,2,0,4,25,5,".255",".382",".287","0.669","11","42","0","42","16"
"Martin, Leonys",547982,2018,30,318,353,81,52,15,3,11,77,30,".255",".425",".323","0.748","33","135","7","84","48"
"Hicks, John",543308,2018,28,288,312,75,53,12,1,9,84,22,".260",".403",".312","0.715","32","116","0","81","35"
"Braun, Ryan",460075,2018,34,405,444,103,57,25,1,20,85,34,".254",".469",".313","0.782","64","190","11","125","59"
"Correa, Carlos",621043,2018,23,402,468,96,60,20,1,15,111,53,".239",".405",".323","0.728","65","163","3","110","60"
"Ramírez, José",608070,2018,25,578,698,156,75,38,4,39,80,106,".270",".552",".387","0.939","105","319","34","157","110"
"Slater, Austin",596103,2018,25,199,225,50,42,6,1,1,69,20,".251",".307",".333","0.640","23","61","7","74","21"
"Gardner, Brett",458731,2018,34,530,609,125,86,20,7,12,107,65,".236",".368",".322","0.690","45","195","16","140","95"
"Turner, Justin",457759,2018,33,365,426,114,68,31,1,14,54,47,".312",".518",".406","0.924","52","189","2","103","62"
"Caratini, Victor",605170,2018,24,181,200,42,33,7,0,2,42,12,".232",".304",".293","0.597","21","55","0","76","21"
"Nimmo, Brandon",607043,2018,25,433,535,114,61,28,8,17,140,80,".263",".483",".404","0.887","47","209","9","140","77"
"Almonte, Abraham",501659,2018,29,134,151,24,18,1,2,3,36,15,".179",".284",".260","0.544","9","38","2","50","15"
"León, Sandy",506702,2018,29,265,288,47,30,12,0,5,75,15,".177",".279",".232","0.511","22","74","1","89","30"
"Schebler, Scott",594988,2018,27,380,430,97,61,19,0,17,99,39,".255",".439",".337","0.776","49","167","4","107","55"
"Gennett, Scooter",571697,2018,28,584,638,181,125,30,3,23,125,42,".310",".490",".357","0.847","92","286","4","154","86"
"Hanson, Alen",593700,2018,25,294,310,74,44,17,5,8,71,9,".252",".425",".274","0.699","39","125","7","110","36"
"Pérez, Roberto",547379,2018,29,179,210,30,18,9,1,2,70,21,".168",".263",".256","0.519","19","47","1","62","16"
"Fowler, Dustin",641583,2018,23,192,203,43,32,3,2,6,47,8,".224",".354",".256","0.610","23","68","6","69","19"
"Refsnyder, Rob",608701,2018,27,84,102,14,9,3,0,2,26,18,".167",".274",".314","0.588","5","23","0","40","10"
"Reyes, José",408314,2018,35,228,251,43,24,12,3,4,39,22,".189",".320",".260","0.580","16","73","5","110","30"
"Arcia, Orlando",606115,2018,23,348,366,82,63,16,0,3,87,15,".236",".307",".268","0.575","30","107","7","119","32"
"Peralta, David",444482,2018,30,560,614,164,104,25,5,30,124,48,".293",".516",".352","0.868","87","289","4","146","75"
"Moncada, Yoán",660162,2018,23,578,650,136,81,32,6,17,217,67,".235",".400",".315","0.715","61","231","12","149","73"
"Bour, Justin",571506,2018,30,423,501,96,62,13,1,20,124,73,".227",".404",".341","0.745","59","171","2","141","49"
"Winker, Jesse",608385,2018,24,281,334,84,61,16,0,7,46,49,".299",".431",".405","0.836","43","121","0","89","38"
"Mahtook, Mikie",543484,2018,28,223,250,45,30,4,2,9,66,21,".202",".359",".276","0.635","29","80","4","67","24"
"Haniger, Mitch",571745,2018,27,596,683,170,102,38,4,26,148,70,".285",".493",".366","0.859","93","294","8","157","90"
"Bader, Harrison",664056,2018,24,379,427,100,66,20,2,12,125,31,".264",".422",".334","0.756","37","160","15","138","61"
"Cordero, Franchy",614173,2018,23,139,154,33,20,5,1,7,55,14,".237",".439",".307","0.746","19","61","5","40","19"
"McKinney, Billy",641856,2018,23,119,132,30,17,7,0,6,33,11,".252",".462",".318","0.780","13","55","1","38","14"
"Urena, Richard",620446,2018,22,99,108,29,24,4,0,1,32,7,".293",".364",".340","0.704","6","36","2","40","10"
"Murphy, Daniel",502517,2018,33,328,351,98,71,15,0,12,40,20,".299",".454",".336","0.790","42","149","3","91","40"
"Adrianza, Ehire",501303,2018,28,335,366,84,54,23,1,6,82,24,".251",".379",".301","0.680","39","127","5","114","42"
"Rendon, Anthony",543685,2018,28,529,597,163,93,44,2,24,82,55,".308",".535",".374","0.909","92","283","2","136","88"
"Segura, Jean",516416,2018,28,586,632,178,136,29,3,10,69,32,".304",".415",".341","0.756","63","243","20","144","91"
"Markakis, Nick",455976,2018,34,623,705,185,126,43,2,14,80,72,".297",".440",".366","0.806","93","274","1","162","78"
"Chirinos, Robinson",455139,2018,34,360,426,80,46,15,1,18,140,45,".222",".419",".338","0.757","65","151","2","113","48"
"Joyce, Matt",459964,2018,33,207,246,43,27,9,0,7,53,35,".208",".353",".322","0.675","15","73","0","83","34"
"Núñez, Eduardo",456488,2018,31,480,502,127,91,23,3,10,69,16,".265",".388",".289","0.677","44","186","7","127","56"
"Luplow, Jordan",656669,2018,24,92,103,17,10,1,3,3,18,10,".185",".359",".272","0.631","7","33","2","37","16"
"Upton, Justin",457708,2018,30,533,613,137,88,18,1,30,176,64,".257",".463",".344","0.807","85","247","8","145","80"
"Miller, Brad",543543,2018,28,230,254,57,35,13,2,7,82,22,".248",".413",".311","0.724","29","95","0","75","21"
"Martínez, José A.",500874,2018,29,534,590,163,116,30,0,17,104,49,".305",".457",".364","0.821","83","244","0","152","64"
"Barnhart, Tucker",571466,2018,27,460,522,114,80,21,3,10,96,54,".248",".372",".328","0.700","46","171","0","138","50"
"Bonifacio, Jorge",593528,2018,25,236,270,53,31,16,2,4,71,29,".225",".360",".312","0.672","23","85","0","69","31"
"Gyorko, Jedd",576397,2018,29,351,402,92,61,19,1,11,77,44,".262",".416",".346","0.762","47","146","2","125","49"
"Marte, Jefry",527043,2018,27,194,209,42,27,7,1,7,41,13,".216",".371",".273","0.644","22","72","1","90","28"
"Mesoraco, Devin",519023,2018,30,244,274,54,33,10,0,11,52,25,".221",".398",".303","0.701","33","97","0","84","24"
"Thompson, Trayce",572204,2018,27,128,137,15,9,3,0,3,50,7,".117",".211",".162","0.373","9","27","3","51","15"
"Santander, Anthony",623993,2018,23,101,108,20,13,5,1,1,21,6,".198",".297",".250","0.547","6","30","1","33","8"
"Gregorius, Didi",544369,2018,28,504,569,135,80,23,5,27,69,48,".268",".494",".335","0.829","86","249","10","134","89"
"Blandino, Alex",607468,2018,25,128,147,30,25,4,0,1,41,13,".234",".289",".324","0.613","8","37","0","69","14"
"Sierra, Magneuris",642423,2018,22,147,156,28,25,3,0,0,39,6,".190",".211",".222","0.433","7","31","3","54","10"
"Moran, Colin",592567,2018,25,415,465,115,84,19,1,11,82,39,".277",".407",".340","0.747","58","169","0","144","49"
"Sandoval, Pablo",467055,2018,31,230,252,57,37,10,1,9,52,19,".248",".417",".310","0.727","40","96","0","92","22"
"Hernández, César",514917,2018,28,605,708,153,120,15,3,15,155,95,".253",".362",".356","0.718","60","219","19","161","91"
"Camargo, Johan",622666,2018,24,464,524,126,79,27,1,19,108,51,".272",".457",".349","0.806","76","212","1","134","63"
"Profar, Jurickson",595777,2018,25,524,594,133,72,35,6,20,88,54,".254",".458",".335","0.793","77","240","10","146","82"
"Panik, Joe",605412,2018,27,358,392,91,72,14,1,4,30,26,".254",".332",".307","0.639","24","119","4","102","38"
"Cruz, Nelson",443558,2018,37,519,591,133,77,18,1,37,122,55,".256",".509",".342","0.851","97","264","1","144","70"
"Field, Johnny",608654,2018,26,221,233,49,27,13,0,9,72,7,".222",".403",".254","0.657","21","89","4","83","28"
"Freese, David",501896,2018,35,280,312,83,58,12,2,11,72,24,".296",".471",".359","0.830","51","132","0","113","38"
"Puig, Yasiel",624577,2018,27,405,444,108,63,21,1,23,87,36,".267",".494",".327","0.821","63","200","15","125","60"
"Ward, Taylor",621493,2018,24,135,147,24,15,3,0,6,45,9,".178",".333",".245","0.578","15","45","2","40","14"
"Lamb, Jake",571875,2018,27,207,238,46,32,8,0,6,65,26,".222",".348",".307","0.655","31","72","1","56","34"
"Garver, Mitch",641598,2018,27,302,335,81,53,19,2,7,72,29,".268",".414",".335","0.749","45","125","0","102","38"
"Báez, Javier",595879,2018,25,606,645,176,93,40,9,34,167,29,".290",".554",".326","0.880","111","336","21","160","101"
"Piña, Manny",444489,2018,31,306,337,77,53,13,2,9,62,21,".252",".395",".307","0.702","28","121","2","98","39"
"Pinder, Chad",640461,2018,26,298,333,77,51,12,1,13,88,27,".258",".436",".332","0.768","27","130","0","110","43"
"Davis, Khris",501981,2018,30,576,654,142,65,28,1,48,175,59,".247",".549",".326","0.875","123","316","0","151","98"
"González, Adrián",408236,2018,36,169,187,40,29,5,0,6,34,15,".237",".373",".299","0.672","26","63","0","54","15"
"Avila, Alex",488671,2018,31,194,234,32,19,6,0,7,90,37,".165",".304",".299","0.603","20","59","0","80","13"
"Valbuena, Luis",472528,2018,32,266,288,53,35,9,0,9,100,19,".199",".335",".253","0.588","33","89","3","96","23"
"Alonso, Yonder",475174,2018,31,516,574,129,87,19,0,23,123,51,".250",".421",".317","0.738","83","217","0","145","64"
"Severino, Pedro",600474,2018,24,190,213,32,21,9,0,2,47,18,".168",".247",".254","0.501","15","47","1","70","14"
"Belt, Brandon",474832,2018,30,399,456,101,67,18,2,14,107,49,".253",".414",".342","0.756","46","165","4","112","50"
"Pollock, AJ",572041,2018,30,413,460,106,59,21,5,21,100,31,".257",".484",".316","0.800","65","200","13","113","61"
"Kieboom, Spencer",571851,2018,27,125,143,29,22,5,0,2,28,16,".232",".320",".322","0.642","13","40","0","52","16"
"Phegley, Josh",572033,2018,30,93,102,19,10,7,0,2,27,6,".204",".344",".255","0.599","15","32","0","39","13"
"Semien, Marcus",543760,2018,27,632,703,161,109,35,2,15,131,61,".255",".388",".318","0.706","70","245","14","159","89"
"González, Carlos",471865,2018,32,463,504,128,76,32,4,16,113,37,".276",".467",".329","0.796","64","216","5","132","71"
"Valencia, Danny",502143,2018,33,255,282,67,49,8,1,9,53,22,".263",".408",".316","0.724","28","104","1","78","28"
"Díaz, Aledmys",649557,2018,27,422,452,111,67,26,0,18,62,23,".263",".453",".303","0.756","55","191","3","130","55"
"Freitas, David",571679,2018,29,93,103,20,13,6,0,1,25,8,".215",".312",".277","0.589","5","29","0","36","9"
"Delmonico, Nicky",547170,2018,25,284,318,61,37,11,5,8,80,27,".215",".373",".296","0.669","25","106","1","88","31"
"Machado, Manny",592518,2018,25,632,709,188,113,35,3,37,104,70,".297",".538",".367","0.905","107","340","14","162","84"
"Arcia, Francisco",516472,2018,28,103,106,21,10,5,0,6,27,1,".204",".427",".226","0.653","23","44","1","40","10"
"Murphy, John Ryan",571974,2018,27,208,223,42,24,9,0,9,71,11,".202",".375",".244","0.619","24","78","0","87","19"
"Bradley Jr., Jackie",598265,2018,28,474,535,111,61,33,4,13,137,46,".234",".403",".314","0.717","59","191","17","144","76"
"Kepler, Max",596146,2018,25,532,611,119,65,30,4,20,96,71,".224",".408",".319","0.727","58","217","4","156","80"
"Dahl, David",621311,2018,24,249,271,68,38,11,3,16,68,19,".273",".534",".325","0.859","48","133","5","77","31"
"Pham, Tommy",502054,2018,30,494,570,136,91,18,6,21,140,67,".275",".464",".367","0.831","63","229","15","137","102"
"Knapp, Andrew",595284,2018,26,187,215,37,25,6,2,4,75,24,".198",".316",".294","0.610","15","59","1","84","19"
"Kiermaier, Kevin",595281,2018,28,332,367,72,44,12,9,7,91,25,".217",".370",".282","0.652","29","123","10","88","44"
"Harrison, Josh",543281,2018,30,344,374,86,64,13,1,8,68,18,".250",".363",".293","0.656","37","125","3","97","41"
"Williamson, Mac",607776,2018,27,94,105,20,12,4,0,4,27,11,".213",".383",".295","0.678","11","36","1","28","14"
"d'Arnaud, Chase",488818,2018,31,93,100,20,12,5,0,3,37,4,".215",".366",".253","0.619","9","34","2","42","9"
"Romine, Andrew",461865,2018,32,119,131,25,22,2,1,0,39,7,".210",".244",".260","0.504","2","29","1","72","15"
"Narváez, Omar",553882,2018,26,280,322,77,53,14,1,9,65,38,".275",".429",".366","0.795","30","120","0","97","30"
"Schwarber, Kyle",656941,2018,25,428,510,102,59,14,3,26,140,78,".238",".467",".356","0.823","61","200","4","137","64"
"Yelich, Christian",592885,2018,26,574,651,187,110,34,7,36,135,68,".326",".598",".402","1.000","110","343","22","147","118"
"Butera, Drew",460077,2018,34,163,182,31,19,9,0,3,39,15,".190",".301",".264","0.565","21","49","0","61","13"
"Carpenter, Matt",572761,2018,32,564,676,145,67,42,0,36,158,102,".257",".523",".374","0.897","81","295","4","156","111"
"Beckham, Tim",542921,2018,28,369,402,85,56,17,0,12,100,27,".230",".374",".287","0.661","35","138","1","96","45"
"Meadows, Austin",640457,2018,23,178,191,51,34,9,2,6,40,10,".287",".461",".325","0.786","17","82","5","59","19"
"Desmond, Ian",435622,2018,32,555,619,131,80,21,8,22,146,53,".236",".422",".307","0.729","88","234","20","160","82"
"Suárez, Eugenio",553993,2018,26,527,606,149,91,22,2,34,142,64,".283",".526",".366","0.892","104","277","1","143","79"
"Sogard, Eric",519299,2018,32,97,113,13,10,3,0,0,23,12,".134",".165",".241","0.406","2","16","3","55","7"
"Díaz, Elias",553869,2018,27,252,277,72,50,12,0,10,40,21,".286",".452",".339","0.791","34","114","0","82","33"
"Herrera, Rosell",594011,2018,25,278,302,65,47,14,3,1,57,19,".234",".317",".286","0.603","20","88","3","86","25"
"Palka, Daniel",594953,2018,26,417,449,100,55,15,3,27,153,30,".240",".484",".294","0.778","67","202","2","124","56"
"O'Neill, Tyler",641933,2018,23,130,142,33,19,5,0,9,57,7,".254",".500",".303","0.803","23","65","2","61","29"
"Andujar, Miguel",609280,2018,23,573,606,170,94,47,2,27,97,25,".297",".527",".328","0.855","92","302","2","149","83"
"Jackson, Austin",457706,2018,31,347,375,85,64,17,1,3,133,26,".245",".326",".299","0.625","32","113","3","116","29"
"Aguilar, Jesús",542583,2018,28,492,566,135,75,25,0,35,143,58,".274",".539",".352","0.891","108","265","0","149","80"
"Phillips, Brett",621433,2018,24,134,147,25,16,4,3,2,61,11,".187",".306",".252","0.558","11","41","1","51","15"
"Cabrera, Asdrúbal",452678,2018,32,546,592,143,83,36,1,23,119,41,".262",".458",".316","0.774","75","250","0","147","68"
"Bird, Greg",595885,2018,25,272,311,54,26,16,1,11,78,30,".199",".386",".286","0.672","38","105","0","82","23"
"Robertson, Daniel",621002,2018,24,282,340,74,49,16,0,9,77,43,".262",".415",".382","0.797","34","117","2","87","46"
"Rua, Ryan",607387,2018,28,139,147,27,17,3,1,6,53,5,".194",".360",".221","0.581","12","50","3","61","17"
"Renfroe, Hunter",592669,2018,26,403,441,100,50,23,1,26,109,30,".248",".504",".302","0.806","68","203","2","117","53"
"Abreu, José",547989,2018,31,499,553,132,73,36,1,22,109,37,".265",".473",".325","0.798","78","236","2","128","68"
"Davis, Rajai",434658,2018,37,196,216,44,36,6,1,1,48,11,".224",".281",".278","0.559","6","55","21","101","33"
"Piscotty, Stephen",572039,2018,27,546,605,146,78,41,0,27,114,42,".267",".491",".331","0.822","88","268","2","151","78"
"Canó, Robinson",429664,2018,35,310,348,94,62,22,0,10,47,32,".303",".471",".374","0.845","50","146","0","80","44"
"Brantley, Michael",488726,2018,31,570,630,176,121,36,2,17,60,48,".309",".468",".364","0.832","76","267","12","143","89"
"Dozier, Hunter",641531,2018,26,362,388,83,49,19,4,11,109,24,".229",".395",".278","0.673","34","143","2","102","36"
"Swanson, Dansby",621020,2018,24,478,533,114,71,25,4,14,122,44,".238",".395",".304","0.699","59","189","10","136","51"
"Hosmer, Eric",543333,2018,28,613,677,155,104,31,2,18,142,62,".253",".398",".322","0.720","69","244","7","157","72"
"Villanueva, Christian",570799,2018,27,351,384,83,48,15,0,20,104,23,".236",".450",".299","0.749","46","158","3","110","42"
"Saladino, Tyler",573135,2018,28,126,139,31,22,4,0,5,41,9,".246",".397",".299","0.696","16","50","2","58","13"
"Acuña Jr., Ronald",660670,2018,20,433,487,127,71,26,4,26,123,45,".293",".552",".366","0.918","64","239","16","111","78"
"DeJong, Paul",657557,2018,24,436,490,105,60,25,1,19,123,36,".241",".433",".313","0.746","68","189","1","115","68"
"Anderson, Brian",605119,2018,25,590,670,161,112,34,4,11,129,62,".273",".400",".357","0.757","65","236","2","156","87"
"Span, Denard",452655,2018,34,437,501,114,74,22,7,11,79,51,".261",".419",".341","0.760","58","183","9","137","63"
"Granderson, Curtis",434158,2018,37,343,403,83,46,22,2,13,106,54,".242",".431",".351","0.782","38","148","2","123","60"
"Altherr, Aaron",571437,2018,27,243,285,44,24,11,1,8,91,36,".181",".333",".295","0.628","38","81","3","105","28"
"Duggar, Steven",621453,2018,24,141,152,36,22,11,1,2,44,10,".255",".390",".303","0.693","17","55","5","41","20"
"Rodríguez, Sean",446481,2018,33,150,173,25,14,5,1,5,60,22,".167",".313",".277","0.590","19","47","1","66","21"
"Valaika, Pat",642162,2018,25,122,133,19,12,5,0,2,30,9,".156",".246",".214","0.460","5","30","0","68","8"
"Bregman, Alex",608324,2018,24,594,705,170,87,51,1,31,85,96,".286",".532",".394","0.926","103","316","10","157","105"
"Smith, Kevan",607345,2018,30,171,187,50,41,6,0,3,18,10,".292",".380",".348","0.728","21","65","1","52","21"
"Forsythe, Logan",523253,2018,31,371,416,86,68,16,0,2,83,41,".232",".291",".313","0.604","27","108","3","120","37"
"Inciarte, Ender",542255,2018,27,597,660,158,115,27,6,10,86,49,".265",".380",".325","0.705","61","227","28","156","83"
"Alfaro, Jorge",595751,2018,25,344,377,90,62,16,2,10,138,18,".262",".407",".324","0.731","37","140","3","108","35"
"Happ, Ian",664023,2018,23,387,462,90,54,19,2,15,167,70,".233",".408",".353","0.761","44","158","8","142","56"
"Andrus, Elvis",462101,2018,29,395,428,101,72,20,3,6,66,28,".256",".367",".308","0.675","33","145","5","97","53"
"Mauer, Joe",408045,2018,35,486,543,137,103,27,1,6,86,51,".282",".379",".351","0.730","48","184","0","127","64"
"Maile, Luke",571912,2018,27,202,231,50,33,13,1,3,67,25,".248",".366",".333","0.699","27","74","2","68","22"
"Tomlinson, Kelby",605509,2018,28,140,152,29,23,4,2,0,35,9,".207",".264",".265","0.529","10","37","0","63","9"
"Fowler, Dexter",451594,2018,32,289,334,52,34,10,0,8,75,38,".180",".298",".278","0.576","31","86","5","90","40"
"Zimmer, Bradley",605548,2018,25,106,114,24,17,5,0,2,44,7,".226",".330",".281","0.611","9","35","4","34","14"
"Castro, Starlin",516770,2018,28,593,647,165,119,32,2,12,124,48,".278",".400",".329","0.729","54","237","6","154","76"
"Judge, Aaron",592450,2018,26,413,498,115,66,22,0,27,152,76,".278",".528",".392","0.920","67","218","6","112","77"
"Cuevas, Noel",571595,2018,26,146,153,34,27,4,1,2,24,6,".233",".315",".268","0.583","10","46","1","75","16"
"Wolters, Tony",547172,2018,26,182,216,31,20,4,4,3,33,26,".170",".286",".292","0.578","27","52","2","74","19"
"Calhoun, Kole",594777,2018,30,491,551,102,63,18,2,19,133,53,".208",".369",".283","0.652","57","181","6","137","71"
"Spangenberg, Cory",605486,2018,27,298,329,70,50,9,4,7,108,25,".235",".362",".298","0.660","25","108","6","116","35"
"Rojas, Miguel",500743,2018,29,488,528,123,99,13,0,11,69,24,".252",".346",".297","0.643","53","169","6","153","44"
"Frazier, Adam",624428,2018,26,318,352,88,53,23,2,10,53,29,".277",".456",".342","0.798","35","145","1","113","52"
"Freeman, Freddie",518692,2018,28,618,707,191,120,44,4,23,132,76,".309",".505",".388","0.893","98","312","10","162","94"
"McCann, James",543510,2018,28,427,457,94,70,16,0,8,116,26,".220",".314",".267","0.581","39","134","0","118","31"
"Flores, Wilmer",527038,2018,26,386,429,103,67,25,0,11,42,29,".267",".417",".319","0.736","51","161","0","126","43"
"Gonzalez, Marwin",503556,2018,29,489,552,121,77,25,3,16,126,53,".247",".409",".324","0.733","68","200","2","145","61"
"Romine, Austin",519222,2018,29,242,265,59,37,12,0,10,67,17,".244",".417",".295","0.712","42","101","1","77","30"
"Herrera, Odúbel",546318,2018,26,550,597,140,96,19,3,22,122,38,".255",".420",".310","0.730","71","231","5","148","64"
"Duvall, Adam",594807,2018,29,384,427,75,40,20,0,15,117,37,".195",".365",".274","0.639","61","140","2","138","48"
"Pearce, Steve",456665,2018,35,215,251,61,35,14,1,11,41,29,".284",".512",".378","0.890","42","110","0","76","35"
"Souza Jr., Steven",519306,2018,29,241,272,53,30,15,3,5,75,28,".220",".369",".309","0.678","29","89","6","72","21"
"Martinez, Victor",400121,2018,39,467,508,117,87,21,0,9,49,32,".251",".353",".297","0.650","54","165","0","133","32"
"Goodrum, Niko",592348,2018,26,444,492,109,61,29,3,16,132,42,".245",".432",".315","0.747","53","192","12","131","55"
"Osuna, José",591741,2018,25,106,111,24,12,9,0,3,22,3,".226",".396",".252","0.648","11","42","0","51","14"
"Peraza, José",606299,2018,24,632,683,182,133,31,4,14,75,29,".288",".416",".326","0.742","58","263","23","157","85"
"Grichuk, Randal",545341,2018,26,424,462,104,46,32,1,25,122,27,".245",".502",".301","0.803","61","213","3","124","60"
"Jay, Jon",445055,2018,33,527,586,141,112,19,7,3,95,33,".268",".347",".330","0.677","40","183","4","143","74"
"Parra, Gerardo",467827,2018,31,401,443,114,91,17,0,6,75,32,".284",".372",".342","0.714","53","149","11","142","52"
"Maybin, Cameron",457727,2018,31,342,384,85,65,14,2,4,75,38,".249",".336",".326","0.662","28","115","10","129","32"
"Maldonado, Martín",455117,2018,31,373,404,84,56,18,1,9,98,16,".225",".351",".276","0.627","44","131","0","119","39"
"Escobar, Alcides",444876,2018,31,485,531,112,83,22,3,4,74,29,".231",".313",".279","0.592","34","152","8","140","54"
"Plawecki, Kevin",608700,2018,27,238,277,50,28,13,2,7,65,28,".210",".370",".315","0.685","30","88","0","79","33"
"García, Leury",544725,2018,27,258,275,70,55,7,4,4,69,9,".271",".376",".303","0.679","32","97","12","82","23"
"Bryant, Kris",592178,2018,26,389,457,106,62,28,3,13,107,48,".272",".460",".374","0.834","52","179","2","102","59"
"Torreyes, Ronald",591720,2018,25,100,102,28,20,7,1,0,16,2,".280",".370",".294","0.664","7","37","0","41","9"
"Calhoun, Willie",641432,2018,23,99,108,22,15,5,0,2,24,6,".222",".333",".269","0.602","11","33","0","35","8"